"Word";"Sentence"
"colto";"Alto, distinto, dotato di grande facilità di parola e molto colto, er davvero un paziente fuori del comune."
"degenza";"Bravo doveva esserlo davvero, vista la preparazione giuridica che dimostrava: durante la degenza assisteva, scrivendo istanze e ricorsi, tutti i poveri diavoli ricoverati che avevano subito torti e ingiustizie, soprattutto come conseguenze di infortuni su"
"guancia";"Alto, portamento distinto, moto più giovanile dei suoi 55 anni, neri gli occhi, pallido il volto dalle guance scarne."
"portamento";"Alto, portamento distinto, moto più giovanile dei suoi 55 anni, neri gli occhi, pallido il volto dalle guance scarne."
"scarno";"Alto, portamento distinto, moto più giovanile dei suoi 55 anni, neri gli occhi, pallido il volto dalle guance scarne."
"allorché";"Quanto all´eleganza del modo di parlare, ce ne rendemmo conto durante la prima visita, allorché lo invitammo a esporci le circostanze dell´incidente stradale nel quale era rimasto coinvolto."
"parco";"Dotato di una calda voce baritonale, si esprimeva alternando parole e pause, da consumato attore. Ed esponeva i fatti con estrema precisione, facendo un uso parco e sempre appropriato degli aggettivi.
- essere parco nel mangiare, nel bere"
"recare";"Venimmo dunque a sapere che un mattino il nostro avvocato- Luigi Terenzi, residente a Milano, come risultava dai documenti - si stava recando a Parma per un processo, percorrendo l´autostrada del Sole."
"vettura";"Era una giornata di primo inverno con nebbia fitta e, poco dopo Lodi, Terenzi era stato coinvolto in un gigantesco tamponamento. Ricordò: ""Una scena da film di guerra: vetture e camion accartocciati, disposti di traverso sulla carreggiata, ribaltati..."""
"accartocciare";"Era una giornata di primo inverno con nebbia fitta e, poco dopo Lodi, Terenzi era stato coinvolto in un gigantesco tamponamento. Ricordò: ""Una scena da film di guerra: vetture e camion accartocciati, disposti di traverso sulla carreggiata, ribaltati..."""
"ribaltare";"Era una giornata di primo inverno con nebbia fitta e, poco dopo Lodi, Terenzi era stato coinvolto in un gigantesco tamponamento. Ricordò: ""Una scena da film di guerra: vetture e camion accartocciati, disposti di traverso sulla carreggiata, ribaltati..."""
"spappolamento";"Il nostro paziente era uscito da quell´inferno con una frattura del femore destro e lo spappolamento del calcagno sinistro, rimasto impigliato tra freno e frizione."
"calcagno";"Il nostro paziente era uscito da quell´inferno con una frattura del femore destro e lo spappolamento del calcagno sinistro, rimasto impigliato tra freno e frizione.
- fig stare alle calcagna di q."
"impigliàre";"Il nostro paziente era uscito da quell´inferno con una frattura del femore destro e lo spappolamento del calcagno sinistro, rimasto impigliato tra freno e frizione.
- il vestito le s´impigliò nei rovi"
"reparto";"All´operazione era seguito un lungo periodo di immobilizzazione nel gesso. Rimosso quest´ultimo, il primario ortopedico dell´ospedale di L. aveva consigliato un ricovero nel nostro reparto per la riabilitazione degli arti traumatizzati."
"primario";"All´operazione era seguito un lungo periodo di immobilizzazione nel gesso. Rimosso quest´ultimo, il primario ortopedico dell´ospedale di L. aveva consigliato un ricovero nel nostro reparto per la riabilitazione degli arti traumatizzati."
"disagio";"Il mio assistente, dottor Vignoli, gli fece notare, a quel punto, che avrebbe potuto ricevere le stesse nostre cure a Milano: con minor disagio, per uno come lui che risiedeva nella metropoli lombarda."
"degènza";"""A Milano con mancano ottimi servizi di recupero motorio dove potrebbe praticare le cure ambulatorialmente, evitando la degenza e il conseguente fastidio per i suoi familiari"". Ribatté Terenzi: ""La ringrazio per il consiglio, dottore, ma fortunatamente vi"
"ribàttere";"""A Milano con mancano ottimi servizi di recupero motorio dove potrebbe praticare le cure ambulatorialmente, evitando la degenza e il conseguente fastidio per i suoi familiari"". Ribatté Terenzi: ""La ringrazio per il consiglio, dottore, ma fortunatamente vi"
"solèrzia";"L´indomani l´avvocato Luigi Terenzi iniziò i suoi trattamenti eseguendo con solerzia e impegno tutto ciò che la terapista ordinava. Garbato con tutti, sorridente, non faceva pesare la sua posizione."
"garbato";"L´indomani l´avvocato Luigi Terenzi iniziò i suoi trattamenti eseguendo con solerzia e impegno tutto ciò che la terapista ordinava. Garbato con tutti, sorridente, non faceva pesare la sua posizione."
"appartàrsi";"Al termine delle sedute terapeutiche, anziché appartarsi, cercava di stabilire rapporti cordiali con gli altri degenti: chiedeva notizie sui loro infortuni, li incoraggiava.
- appartarsi dagli altri"
"degènte";"Al termine delle sedute terapeutiche, anziché appartarsi, cercava di stabilire rapporti cordiali con gli altri degenti: chiedeva notizie sui loro infortuni, li incoraggiava."
"stesura";"Dopo una settimana, nelle ore libere dalle cure cominciò a occuparsi più concretamente dei problemi - personali o legali- dei malati. Iniziò con consigli, pareri, poi passò alla stesura di lettere, istanze, comparse. Prima di avviare questa attività - che"
"civetteria";"Dopo una settimana, nelle ore libere dalle cure cominciò a occuparsi più concretamente dei problemi - personali o legali- dei malati. Iniziò con consigli, pareri, poi passò alla stesura di lettere, istanze, comparse. Prima di avviare questa attività - che"
"avviàre";"Dopo una settimana, nelle ore libere dalle cure cominciò a occuparsi più concretamente dei problemi - personali o legali- dei malati. Iniziò con consigli, pareri, poi passò alla stesura di lettere, istanze, comparse. Prima di avviare questa attività - che"
"sopruso";"L´avvocato mi spiegò che c´erano malati bisognosi di assistenza giuridica poiché, per timidezza o per mancanza di soldi, non potevano rivolgersi al tribunale rimanendo così vittime di soprusi e ingiustizie."
"postumi";"""Prendiamo il caso del Viganò, quel ragazzo brianzolo che ha perso quattro dita della mano sotto una pressa. L´Istituto assicuratore si rifiuta di pagare i postumi invalidanti permanenti, sostenendo chi il Viganò va soggetto a crisi epilettiche."""
"brianzolo";"""Prendiamo il caso del Viganò, quel ragazzo brianzolo che ha perso quattro dita della mano sotto una pressa. L´Istituto assicuratore si rifiuta di pagare i postumi invalidanti permanenti, sostenendo chi il Viganò va soggetto a crisi epilettiche."""
"scuotere";"Vignoli, allora, ci guardò e intervenne, scuotendo il capo: "" Eppure in quell´uomo cè qualcosa di poco chiaro""
- la triste notizia l´ha scosso"
"rilievo";"In verità, il rilievo di Vignoli sulle mancate visite a Terenzi aveva un fondamento sul quale da tempo riflettevo. Parlando un giorno con suor Angela, Terenzi aveva rivelato che nel suo studio lavoravano due giovani avvocati e tre impiegate.
Sorprendente"
"costoro";"In verità, il rilievo di Vignoli sulle mancate visite a Terenzi aveva un fondamento sul quale da tempo riflettevo. Parlando un giorno con suor Angela, Terenzi aveva rivelato che nel suo studio lavoravano due giovani avvocati e tre impiegate.
Sorprendente"
"scartabellare";"Un paio di volte ere venuta una giovane donna che si era presentata come la sua segretaria, chiedendo di poter conferire con lui per ragioni di ufficio. La prima volta i due si erano appartati in un angolo del soggiorno a parlare, scartabellando fogli che"
"scongiurare";"La volta successiva, il loro incontro era finito in un alterco, con Terenzi che scongiurava la donna di non alzare la voce perché alcuni malati li stavano osservando."
"ripristinàre";"Ormai il gioco articolare di anca, ginocchio e piedi si andava ripristinando e i dolori, prima lancinanti, si erano ridotti a un modesto fastidio."
"spacciàrse";"""Devo rivelarle cose riservatissime: per questo sono in borghese e mi sono presentato alla sua segretaria come medico. Dunque, professore: nel suo reparto si trova degente un individuo che si spaccia per avvocato, Luigi Terenzi?""...""La vera professione di"
"truffatore";"""Devo rivelarle cose riservatissime: per questo sono in borghese e mi sono presentato alla sua segretaria come medico. Dunque, professore: nel suo reparto si trova degente un individuo che si spaccia per avvocato, Luigi Terenzi?""...""La vera professione di"
"soffiàta";"Il capitano Nobili aggiunse allora che stava braccando Livio P. da circa un anno, ma senza risultati, quando una soffiata l´aveva messo sulla strada buona, dall´ospedale di L. fino al nostro reparto."
"raggìro";""" Livio P. è uno specialista in truffe e raggiri. Ladro lo è diventato per pagarsi i debiti di gioco: ha sperperato somme favolose in tutti i casinò del mondo, dall´Italia agli Stati Uniti. Vede, il fatto è che tanto è geniale nell´allestire truffe quanto"
"allestire";""" Livio P. è uno specialista in truffe e raggiri. Ladro lo è diventato per pagarsi i debiti di gioco: ha sperperato somme favolose in tutti i casinò del mondo, dall´Italia agli Stati Uniti. Vede, il fatto è che tanto è geniale nell´allestire truffe quanto"
"iellato";""" Livio P. è uno specialista in truffe e raggiri. Ladro lo è diventato per pagarsi i debiti di gioco: ha sperperato somme favolose in tutti i casinò del mondo, dall´Italia agli Stati Uniti. Vede, il fatto è che tanto è geniale nell´allestire truffe quanto"
"sperperàre";""" Livio P. è uno specialista in truffe e raggiri. Ladro lo è diventato per pagarsi i debiti di gioco: ha sperperato somme favolose in tutti i casinò del mondo, dall´Italia agli Stati Uniti. Vede, il fatto è che tanto è geniale nell´allestire truffe quanto"
"biscazzière";"""Il codice lo conosce com un vero avvocato"" disse. E, mutando tono, aggiunse: ""Mi sbaglio, professore, o lei per questo biscazziere nutre una certa simpatia?"""
"combùtta";"Aveva finito col mettersi in combutta con una banda di falsari ricercata dalle polizie di tutta Europa, Interpol in specie."
"avviàre";"Gli domandai da quanto tempo lavorasse in coppia con la ragazza dai capelli rossi. Rispose: ""Da circa un anno"". E dopo poco: ""Per Anna provo rimorso, perché sono io che l´ho avviata al gioco""."
"foraggiàre";"Gli chiesi della sua compagna: ""Anna?...Be´, dalla faccenda di Zurigo sono riuscito a tenerla fuori. Per il resto si troverà un altro che la foraggi e tra una settimana di me non si ricorderà più""."
"garbo";"I malati, alla vigilia della sua dimissione, proposero di festeggiarlo. Ma Terenzi, con il consueto garbo, li convinse a non far niente, accennando molto vagamente a un lutto di famiglia."
"accennare";"I malati, alla vigilia della sua dimissione, proposero di festeggiarlo. Ma Terenzi, con il consueto garbo, li convinse a non far niente, accennando molto vagamente a un lutto di famiglia."
"varcàre";"Appena la vettura della giovane donna ebbe varcato il cancello, si trovò la strada sbarrata da due automezzi dei carbinieri."
"cancèllo";"Appena la vettura della giovane donna ebbe varcato il cancello, si trovò la strada sbarrata da due automezzi dei carbinieri."
"grigiòre";"Molte persone soffrono in questo modo giorno dopo giorno per tutta la vita, immerse in un grigiore permanente che nei casi peggiori può trapassare nella completa oscurità."
"guasto";"Cercano disperatamente spiegazioni plausibili del loro stato: una volta è la cattiva stagione, un´altra è che hanno dormito male o hanno mangiato qualcosa di guasto, oppure hanno litigato col principale. E quando poi non sanno più a che cosa appigliarsi, "
"appiglàrsi";"Cercano disperatamente spiegazioni plausibili del loro stato: una volta è la cattiva stagione, un´altra è che hanno dormito male o hanno mangiato qualcosa di guasto, oppure hanno litigato col principale. E quando poi non sanno più a che cosa appigliarsi, "
"sopravvènto";"Si perde la capacità di concentrazione, mentre scompare anche il desiderio sessuale. In molti casi a tutto questo si aggiungono dolori cronici, che a volte prendono il sopravvento, tanto da occultare completamente i sintomi depressivi."
"scomparìre";"Si perde la capacità di concentrazione, mentre scompare anche il desiderio sessuale. In molti casi a tutto questo si aggiungono dolori cronici, che a volte prendono il sopravvento, tanto da occultare completamente i sintomi depressivi."
"raddoppiàre";"Altri studi epidemiologici mostrano un chiaro aumento dell´incidenza di questa malattia, come risulta, ad esempio, da un importante lavoro svedese in cui si è seguito regolarmente nel tempo un campione rappresentativo della popolazione e dal quale è emers"
"incòrrere";"Quanto più numerose sono le persone che incorrono in stati depressivi, tanto più pressante diventa la domanda sulle cause della malattia."
"scarso";"Ma anche se le certezze sono ancora scarse, abbiamo nel frattempo una gran quantità di ricerche genetiche e psicologiche, che offrono approcci molto promettenti."
"scatenàre";"Le depressioni psicogene, dette talvolta reattive o esogene, sono condizionate dall´ambiente, cioè scatenate soprattutto da esperienze stressanti."
"soggiacére";"Dato che in queste forme (depressioni endogene) non si riesce a individuare né uno stato patologico soggiacente, né un´esperienza scatenante, si suppone da tempo l´intervento di un fattore ereditario."
"sterminàto";"Il nostro sistema nervoso consiste in una rete sterminata di cellule collegate fra loro. Gli impulsi nervosi si trasmettono da un neurone all´altro attraverso uno spazio vuoto, la sinapsi."
"rassègna";"Non c´è ricerca o rassegna da cui non risulti che sono soprattuto le donne a soffrire di depressione. Come regola empirica vale questa: su tre pazienti, due sono donne."
"càrico";"Anziché contrapporre una forma primaria e biologica di depressione ad una secondaria, i dati empirici suggeriscono il modello di un´interazione, in cui un eccessivo carico di tipo psicosociale collabora o concorre con un carico di tipo neurofisiologico."
"trascuràre";"Il ruolo dei fattori psicosociali non deve quindi essere trascurato. Tutta una branca della ricerca, la cosidetta Life Events Research, studia da anni la correlazione fra eventi che alterano la situazione di vita ed episodi depressivi."
"sradicàre";"Nelle donne la depressione è precipitata, secondo una ricerca di Paul Kielholz, da conflitti sentimentali, contrasti coniugali, cui seguono solitudine, isolamento e sradicamento, mancanza di rapporti interpersonali."
"ribàttere";"Gli antidepressivi, secondo questi critici, non sarebbero veramente d´aiuto: mon possono risolvere i problemi di base. I sostenitori dell´intervento farmacologico ribattono: che giova a un depresso continuare per anni a distendersi sul lettino dell´analis"
"giovàre";"Gli antidepressivi, secondo questi critici, non sarebbero veramente d´aiuto: mon possono risolvere i problemi di base. I sostenitori dell´intervento farmacologico ribattono: che giova a un depresso continuare per anni a distendersi sul lettino dell´analis"
"inchiodàre";"La depressione inchioda in una posizione di scacco matto: quando una persona non ha più la forza per lottare la costringe a fermarsi."
"impiegàre";"Gli articoli del CAP (codice di autodisciplina pubblicitaria) che regolano l´impiego di tematiche di natura sessuale nei messaggi pubblicitari sono i due seguenti."
"palése";"Il ricorso alla suggestione erotica, sia in forma palese che con modalità più sottilmente allusive, è uno degli aspetti più evidenti del linguaggio pubblicitario, costantemente alla ricerca di temi d´impatto con cui catturare l´attenzione dei consumatori."
"ordinaménto";"Per una più precisa valutazione delle decisioni è utile tenere presente che, essendo quello autodisciplinare un ordinamento strettamente privato, la normativa (CAP) acquista la sua ragion d´essere e il suo significato specifico solo entro i limiti circosc"
"mòsso";"Ai fini di una maggior chiarezza espositiva, la materia sarà organizzata secondo il criterio dei vari tipi di accuse mosse agli annunci incriminati."
"sorrèggere";"È possibile affermare che più o meno tutte le forze motivazionali che sorreggono l´agire umano, anche quelle più intime e private, sono state associate all´immagine dei prodotti, presentate come possibili gratificazioni fornite dal loro possesso, e quindi"
"urtàre";"Il codice non vieta il ricorso all´erotismo in assoluto, ma solo quelle utilizzazioni della pulsione sessuale che possano risultare volgari, indecenti, urtare la sensibilità dei consumatori e il loro senso del pudore."
"istànza";"L´istanza sottolineava la gratuità dell´utilizzazione di tali particolari anatomici rispetto al prodotto, puntualizzando che nulla ci sarebbe da obiettare sulla presentazione di un seno femminile per pubblicizzare una crema rassodante, mentre essa appare "
"rassodàre";"L´istanza sottolineava la gratuità dell´utilizzazione di tali particolari anatomici rispetto al prodotto, puntualizzando che nulla ci sarebbe da obiettare sulla presentazione di un seno femminile per pubblicizzare una crema rassodante, mentre essa appare "
"fuorviàre = forviàre";"L´istanza sottolineava la gratuità dell´utilizzazione di tali particolari anatomici rispetto al prodotto, puntualizzando che nulla ci sarebbe da obiettare sulla presentazione di un seno femminile per pubblicizzare una crema rassodante, mentre essa appare "
"liceità";"Nella pronuncia relativa il Giurì sostenne la liceità dell´uso del corpo umano nudo come veicolo di promozione pubblicitaria, sia in generale che per i prodotti in questione. Nella fattispecie, afferma la sentenza....."
"nella fattispecie";"Nella pronuncia relativa il Giurì sostenne la liceità dell´uso del corpo umano nudo come veicolo di promozione pubblicitaria, sia in generale che per i prodotti in questione. Nella fattispecie, afferma la sentenza....."
"reputàre";"Ora, il Giurì reputa che, fintanto che il messaggio stabilisce una equivalenza fra la buccia vellutata della pesca ed il seno femminile con il capezzolo in evidenza, si rimane nell´ambito di una suggestione ormai talmente frequente da non destare eccessiv"
"bùccia";"Ora, il Giurì reputa che, fintanto che il messaggio stabilisce una equivalenza fra la buccia vellutata della pesca ed il seno femminile con il capezzolo in evidenza, si rimane nell´ambito di una suggestione ormai talmente frequente da non destare eccessiv"
"destàre";"Ora, il Giurì reputa che, fintanto che il messaggio stabilisce una equivalenza fra la buccia vellutata della pesca ed il seno femminile con il capezzolo in evidenza, si rimane nell´ambito di una suggestione ormai talmente frequente da non destare eccessiv"
"capézzolo";"Ora, il Giurì reputa che, fintanto che il messaggio stabilisce una equivalenza fra la buccia vellutata della pesca ed il seno femminile con il capezzolo in evidenza, si rimane nell´ambito di una suggestione ormai talmente frequente da non destare eccessiv"
"fónte";"Un´ulteriore ampia fonte di istanze, appellantisi alle norme sull´indecenza e la volgarità, concerne l´uso di espressioni intonate ad ambiguità o a doppisensi alludenti all´area sessuale."
"àmpio";"Un´ulteriore ampia fonte di istanze, appellantisi alle norme sull´indecenza e la volgarità, concerne l´uso di espressioni intonate ad ambiguità o a doppisensi alludenti all´area sessuale."
"intonàto";"Un´ulteriore ampia fonte di istanze, appellantisi alle norme sull´indecenza e la volgarità, concerne l´uso di espressioni intonate ad ambiguità o a doppisensi alludenti all´area sessuale."
"allùdere";"Un´ulteriore ampia fonte di istanze, appellantisi alle norme sull´indecenza e la volgarità, concerne l´uso di espressioni intonate ad ambiguità o a doppisensi alludenti all´area sessuale."
"ambientazióne";"Nel 1988 veniva sottoposta al Giurì la pubblicità delle caramelle Mental, basata su alcuni spot televisivi, una di ambientazione inglese e l´altra siciliana, in cui il protagonista pronunciava la frase ""Io ce l´ho profumato...l´alito""."
"sottopórre";"Nel 1988 veniva sottoposta al Giurì la pubblicità delle caramelle Mental, basata su alcuni spot televisivi, una di ambientazione inglese e l´altra siciliana, in cui il protagonista pronunciava la frase ""Io ce l´ho profumato...l´alito""."
"àlito";"Nel 1988 veniva sottoposta al Giurì la pubblicità delle caramelle Mental, basata su alcuni spot televisivi, una di ambientazione inglese e l´altra siciliana, in cui il protagonista pronunciava la frase ""Io ce l´ho profumato...l´alito""."
"fraintèndere";"La scenetta del siciliano: l´uomo tutto pervaso dalla virilità caricaturale tipica di una stereotipata rappresentazione di sicilianità, la donna assai maliziosa sia quando fingeva di avere frainteso l´espressione del maschio (""Io ce l´ho profumato""), sia "
"precisazióne";"La scenetta del siciliano: l´uomo tutto pervaso dalla virilità caricaturale tipica di una stereotipata rappresentazione di sicilianità, la donna assai maliziosa sia quando fingeva di avere frainteso l´espressione del maschio (""Io ce l´ho profumato""), sia "
"pervàdere";"La scenetta del siciliano: l´uomo tutto pervaso dalla virilità caricaturale tipica di una stereotipata rappresentazione di sicilianità, la donna assai maliziosa sia quando fingeva di avere frainteso l´espressione del maschio (""Io ce l´ho profumato""), sia "
"stàcco";"La difesa sosteneva che nei telecomunicati, il personaggio pronunciava la frase con uno stacco significativo fra ""Io ce l´ho sempre"" e ""Durex"", cosicché risultava indubitabile lo specifico ed exclusivo riferimento al prodotto."
"cosicché";"La difesa sosteneva che nei telecomunicati, il personaggio pronunciava la frase con uno stacco significativo fra ""Io ce l´ho sempre"" e ""Durex"", cosicché risultava indubitabile lo specifico ed exclusivo riferimento al prodotto."
"rimproveràre";"Una nutrita serie di controversie è poi quella che rimprovera a certi messaggi pubblicitari l´uso di espressioni verbali o di immagini nemmeno velate dal paravento dell´ambiguità o del doppiosenso, ma a contenuto esplicitamente indecente e volgare."
"svòlgere";"Di condanna è stata anche la sentenza contro una campagna di affissioni svolta dalla società Primizie, per promuovere capi di abbligliamento per donna e bambino, basata su un manifesto rappresentante un  bambino e una bambina di circa 5 anni, seduti l´uno"
"càpo";"Di condanna è stata anche la sentenza contro una campagna di affissioni svolta dalla società Primizie, per promuovere capi di abbligliamento per donna e bambino, basata su un manifesto rappresentante un  bambino e una bambina di circa 5 anni, seduti l´uno"
"mutandina";"Di condanna è stata anche la sentenza contro una campagna di affissioni svolta dalla società Primizie, per promuovere capi di abbligliamento per donna e bambino, basata su un manifesto rappresentante un  bambino e una bambina di circa 5 anni, seduti l´uno"
"manifèsto";"Di condanna è stata anche la sentenza contro una campagna di affissioni svolta dalla società Primizie, per promuovere capi di abbligliamento per donna e bambino, basata su un manifesto rappresentante un  bambino e una bambina di circa 5 anni, seduti l´uno"
"bìmbo";"Di condanna è stata anche la sentenza contro una campagna di affissioni svolta dalla società Primizie, per promuovere capi di abbligliamento per donna e bambino, basata su un manifesto rappresentante un  bambino e una bambina di circa 5 anni, seduti l´uno"
"cómpiere";"Può ben darsi che la maggioranza delle persone, ed in particolare le persone mature, non si scandalizzerebbero affatto nel vedere casualmente su di una spiaggia, compiuto da due bambini, il gesto rappresentato nei manifesti, ed anzi ne resterebbero intene"
"intenerìre";"Può ben darsi che la maggioranza delle persone, ed in particolare le persone mature, non si scandalizzerebbero affatto nel vedere casualmente su di una spiaggia, compiuto da due bambini, il gesto rappresentato nei manifesti, ed anzi ne resterebbero intene"
"ànzi";"Può ben darsi che la maggioranza delle persone, ed in particolare le persone mature, non si scandalizzerebbero affatto nel vedere casualmente su di una spiaggia, compiuto da due bambini, il gesto rappresentato nei manifesti, ed anzi ne resterebbero intene"
"radunàre";"Può ben darsi che la maggioranza delle persone, ed in particolare le persone mature, non si scandalizzerebbero affatto nel vedere casualmente su di una spiaggia, compiuto da due bambini, il gesto rappresentato nei manifesti, ed anzi ne resterebbero intene"
"affidàre";"Di particolare interesse per la problematica considerata sono poi quei messaggi in cui l´allusione sessuale è affidata non tanto a immagini dirette ed esplicite, quanto a suggestioni più latenti ed indirette."
"incòngruo";"Inoltre, il contesto contiene elementi incongrui e dissonanti rispetto a come realisticamente si può configurare un´orgia sessuale: l´ambientazione in un teatro risulta piuttosto inconsueta, molti dei personnaggi, dall´abbigliamento e dall´aria raffinata,"
"inconsuèto";"Inoltre, il contesto contiene elementi incongrui e dissonanti rispetto a come realisticamente si può configurare un´orgia sessuale: l´ambientazione in un teatro risulta piuttosto inconsueta, molti dei personnaggi, dall´abbigliamento e dall´aria raffinata,"
"apparìre";"Inoltre, il contesto contiene elementi incongrui e dissonanti rispetto a come realisticamente si può configurare un´orgia sessuale: l´ambientazione in un teatro risulta piuttosto inconsueta, molti dei personnaggi, dall´abbigliamento e dall´aria raffinata,"
"benintéso";"In precendenti decisioni, il Giurì aveva optato per la non perseguibilità del linguaggio puramente simbolico, beninteso, nei casi in cui il simbolo non appaia immediatamente trasparente ed il contesto non favorisca in modo inequivocabile la diretta decodi"
"adoperàre";"Tale pubblicità era stata denunciata poiché l´immagine femminile così proposta, privata del resto della figura, tenuto conto del testo del messaggio, non rispetterebbe la dignità della persona, essendo il corpo femminile, e in ispecie una parte di esso, a"
"alla strégua di";"Tale pubblicità era stata denunciata poiché l´immagine femminile così proposta, privata del resto della figura, tenuto conto del testo del messaggio, non rispetterebbe la dignità della persona, essendo il corpo femminile, e in ispecie una parte di esso, a"
"gradévole";"Un uomo può conquistare l´amore di una donna, una donna l´amore di un uomo, giovandosi di armi e strumenti i più disparati, di cui la gradevolezza della vicinanza fisica non è il meno importante, ed è appunto ciò per cui serve un profumo."
"boccetta";"Tale messaggio, sotto la scritta di testa ""Baldoria. Dichiaratamente antifemminista"", e la riproduzione di una boccetta di eau de toilette ""Baldoria"", portava la raffigurazione fotografica di una bella e giovane donna bionda, in abito lungo vistosamente s"
"raffigurazióne";"Tale messaggio, sotto la scritta di testa ""Baldoria. Dichiaratamente antifemminista"", e la riproduzione di una boccetta di eau de toilette ""Baldoria"", portava la raffigurazione fotografica di una bella e giovane donna bionda, in abito lungo vistosamente s"
"essere in grado di";"Di recente sono state messe a punto terapie brevi in grado di porre fine agli attacchi di ansia."
"svèlto";"""D´improviso il mio corpo è attraversato da una strana sensazione, divento nervosa e il cuore mi comincia a battere più svelto. Sono scossa da un tremito e ho paura di perdere il controllo."" Sono parole di una casalinga, che fra l´altro ha una grande paur"
"scòsso";"""D´improviso il mio corpo è attraversato da una strana sensazione, divento nervosa e il cuore mi comincia a battere più svelto. Sono scossa da un tremito e ho paura di perdere il controllo."" Sono parole di una casalinga, che fra l´altro ha una grande paur"
"casalìnga";"""D´improviso il mio corpo è attraversato da una strana sensazione, divento nervosa e il cuore mi comincia a battere più svelto. Sono scossa da un tremito e ho paura di perdere il controllo."" Sono parole di una casalinga, che fra l´altro ha una grande paur"
"fra (tra) l´altro";"""D´improviso il mio corpo è attraversato da una strana sensazione, divento nervosa e il cuore mi comincia a battere più svelto. Sono scossa da un tremito e ho paura di perdere il controllo."" Sono parole di una casalinga, che fra l´altro ha una grande paur"
"fare la códa";"Una volta ha avuto un attacco mentre faceva la coda alla cassa del supermercato; propio quando finalmente era arrivato il suo turno, aveva lasciato lì il carrello della spesa e fra gli sguardi meravigliati degli altri clienti si era precipitata fuori dal "
"sguàrdo";"Una volta ha avuto un attacco mentre faceva la coda alla cassa del supermercato; propio quando finalmente era arrivato il suo turno, aveva lasciato lì il carrello della spesa e fra gli sguardi meravigliati degli altri clienti si era precipitata fuori dal "
"corsìa d´emergenza";"Mentre viaggia in autostrada a 180 km/h, senza ragioni apparenti il cuore gli batte fortissimo. Con una manovra azzardata riesce a fermarsi nella corsia d´emergenza."
"avvertìre";"Una giovane pittrice ha venduto il suo primo quadro a un museo. Sta per telefonare al suo ragazzo per dargli la buona notizia, quando avverte un batticuore violentissimo."
"fùlmine";"Come fulmini a ciel sereno, attacchi di eccezionale malessere, colgono di sorpresa un buon numero di persone. Nella maggior parte dei casi non si riesce a trovare nessuna causa fisica e gli stessi pazienti in genere non sanno che cosa abbia scatenato quel"
"cògliere";"Come fulmini a ciel sereno, attacchi di eccezionale malessere, colgono di sorpresa un buon numero di persone. Nella maggior parte dei casi non si riesce a trovare nessuna causa fisica e gli stessi pazienti in genere non sanno che cosa abbia scatenato quel"
"scatenàre";"Come fulmini a ciel sereno, attacchi di eccezionale malessere, colgono di sorpresa un buon numero di persone. Nella maggior parte dei casi non si riesce a trovare nessuna causa fisica e gli stessi pazienti in genere non sanno che cosa abbia scatenato quel"
"ostacolàre";"Come fulmini a ciel sereno, attacchi di eccezionale malessere, colgono di sorpresa un buon numero di persone. Nella maggior parte dei casi non si riesce a trovare nessuna causa fisica e gli stessi pazienti in genere non sanno che cosa abbia scatenato quel"
"impaurìre";"Sulle prime il paziente non prova in realtà nessuna angoscia nel senso corrente della parola: sono piuttosto le violente reazioni fisiche a impaurirlo. Il paziente comincia ad evitare le situazioni in cui potrebbe sentirsi particolarmente a disagio o espo"
"sentirsi a disàgio";"Sulle prime il paziente non prova in realtà nessuna angoscia nel senso corrente della parola: sono piuttosto le violente reazioni fisiche a impaurirlo. Il paziente comincia ad evitare le situazioni in cui potrebbe sentirsi particolarmente a disagio o espo"
"malgràdo";"Pan era talmente brutto che la madre l´abbandonò quando vide che cos´aveva messo al mondo. Malgrado il suo fondamentale buon carattere, ogni tanto volgeva al cattivo. Per lo più andava in collera quando veniva disturbato nel sonno, specialmente a mezzogio"
"malcapitàto";"Pan era talmente brutto che la madre l´abbandonò quando vide che cos´aveva messo al mondo. Malgrado il suo fondamentale buon carattere, ogni tanto volgeva al cattivo. Per lo più andava in collera quando veniva disturbato nel sonno, specialmente a mezzogio"
"grégge";"Pan era talmente brutto che la madre l´abbandonò quando vide che cos´aveva messo al mondo. Malgrado il suo fondamentale buon carattere, ogni tanto volgeva al cattivo. Per lo più andava in collera quando veniva disturbato nel sonno, specialmente a mezzogio"
"sfruttàre";"Un´altra divinità greca con la particolare capacità di terrorizzare i nemici era Fobos, secondo la mitologia gemello di Deimos e figlio di Ares, dio della guerra. Molti guerrieri a quei tempi sfruttavano la capacità di Fobos di seminare il terrore, portan"
"spaventàre";"Un´altra divinità greca con la particolare capacità di terrorizzare i nemici era Fobos, secondo la mitologia gemello di Deimos e figlio di Ares, dio della guerra. Molti guerrieri a quei tempi sfruttavano la capacità di Fobos di seminare il terrore, portan"
"nemìco";"Un´altra divinità greca con la particolare capacità di terrorizzare i nemici era Fobos, secondo la mitologia gemello di Deimos e figlio di Ares, dio della guerra. Molti guerrieri a quei tempi sfruttavano la capacità di Fobos di seminare il terrore, portan"
"comparìre";"Certo che se non si crede più agli dei greci, la causa degli improvvisi attachi di panico è meno chiara. Il fenomeno compare in molte persone, anche fondamentalmente sane: ne avevano, per esempio Sigmund Freud. La diffusione del problema è allarmante: un "
"colpìre";"Certo che se non si crede più agli dei greci, la causa degli improvvisi attachi di panico è meno chiara. Il fenomeno compare in molte persone, anche fondamentalmente sane: ne avevano, per esempio Sigmund Freud. La diffusione del problema è allarmante: un "
"decórso";"Un 10% circa della popolazione è colpito nel corso della sua vita da attacchi di panico spontanei. Il decorso del disturbo presenta spesso delle oscillazioni, ma una volta che si è instaurato raramente scompare da sé. La qualità della vita peggiora sempre"
"susseguìre";"Un 10% circa della popolazione è colpito nel corso della sua vita da attacchi di panico spontanei. Il decorso del disturbo presenta spesso delle oscillazioni, ma una volta che si è instaurato raramente scompare da sé. La qualità della vita peggiora sempre"
"non di ràdo";"Un 10% circa della popolazione è colpito nel corso della sua vita da attacchi di panico spontanei. Il decorso del disturbo presenta spesso delle oscillazioni, ma una volta che si è instaurato raramente scompare da sé. La qualità della vita peggiora sempre"
"sfociàre";"Un 10% circa della popolazione è colpito nel corso della sua vita da attacchi di panico spontanei. Il decorso del disturbo presenta spesso delle oscillazioni, ma una volta che si è instaurato raramente scompare da sé. La qualità della vita peggiora sempre"
"accréscere";"Un 10% circa della popolazione è colpito nel corso della sua vita da attacchi di panico spontanei. Il decorso del disturbo presenta spesso delle oscillazioni, ma una volta che si è instaurato raramente scompare da sé. La qualità della vita peggiora sempre"
"contrassegnàre";"Medicina e psicologia clinica avevano sì costruito le più varie etichette diagnostische per quei disturbi che sono contrassegnati da angosce improvvise e comportamenti di fuga, ma con questo non si poteva dire di avere ancora in pugno il problema. Può dar"
"addirittùra";"Medicina e psicologia clinica avevano sì costruito le più varie etichette diagnostische per quei disturbi che sono contrassegnati da angosce improvvise e comportamenti di fuga, ma con questo non si poteva dire di avere ancora in pugno il problema. Può dar"
"stordiménto";"Come dimostrano i casi prima descritti, spesso all´inizio dell´attacco non c´è l´ansia, ma piuttosto sintomi somatici, come batticuore, affanno, vertigini, stordimento: la paura viene fuori quando questi sintomi sono interpretati come segni di una grave m"
"affàno";"Come dimostrano i casi prima descritti, spesso all´inizio dell´attacco non c´è l´ansia, ma piuttosto sintomi somatici, come batticuore, affanno, vertigini, stordimento: la paura viene fuori quando questi sintomi sono interpretati come segni di una grave m"
"subentràre";"Sentendosi continuamente ripetere ""Lei è fondamentalmente sano, non trovo niente di organico"", finisce per dubitare del medico oppure, proporzionalmente alla durata della sua carriera di paziente, anche di se stesso: subentrano allora la vergogna e la res"
"impostàre";"Un´accurata indagine terapeutica è indispensabile per impostare un trattamento corretto: prima di qualunque intervento bisogna descrivere e analizzare il comportamento problematico, per distinguerlo da altri possibili disturbi."
"raggiùngere";"Questi apparecchi permettono di cogliere e registrare le reazioni somatiche nel corso della vita quotidiana. I dati che abbiamo raccolto dimostrano che gli attachi hanno di regola un decorso di tipo acuto: molti sintomi raggiungono l´intensità massima già"
"notévole";"Ma che dire della notevole contraddizione fra i sintomi minacciosi che il paziente avverte e l´assenza nella maggior parte dei casi di una causa somatica? Per  quanto riguarda le percezioni somatiche, si tratta generalmente di processi normali che non ven"
"collegàre";"Ma che dire della notevole contraddizione fra i sintomi minacciosi che il paziente avverte e l´assenza nella maggior parte dei casi di una causa somatica? Per  quanto riguarda le percezioni somatiche, si tratta generalmente di processi normali che non ven"
"innestàre";"Nelle persone che soffrono di improvvisi attachhi d´angoscia, apparentemente inspiegabili, si è innestato di regola un simile circolo vizioso tra le varie componenti della normale reazione di paura. Il circolo vizioso può prendere le mosse da percezioni, "
"mòssa";"Nelle persone che soffrono di improvvisi attachhi d´angoscia, apparentemente inspiegabili, si è innestato di regola un simile circolo vizioso tra le varie componenti della normale reazione di paura. Il circolo vizioso può prendere le mosse da percezioni, "
"tràtto";"Immaginate di notare ad un tratto che il cuore comincia a battere più rapido. Non avendo una spiegazione di questi sintomi, entrate in ansia. Contemporaneamente pensate di essere sul punto di svenire...I pensieri cominciano a vorticare, vi sentite confusi"
"vorticàre";"Immaginate di notare ad un tratto che il cuore comincia a battere più rapido. Non avendo una spiegazione di questi sintomi, entrate in ansia. Contemporaneamente pensate di essere sul punto di svenire...I pensieri cominciano a vorticare, vi sentite confusi"
"svenìre";"Immaginate di notare ad un tratto che il cuore comincia a battere più rapido. Non avendo una spiegazione di questi sintomi, entrate in ansia. Contemporaneamente pensate di essere sul punto di svenire...I pensieri cominciano a vorticare, vi sentite confusi"
"pètto";"Immaginate di notare ad un tratto che il cuore comincia a battere più rapido. Non avendo una spiegazione di questi sintomi, entrate in ansia. Contemporaneamente pensate di essere sul punto di svenire...I pensieri cominciano a vorticare, vi sentite confusi"
"accòrgersi";"Immaginate di notare ad un tratto che il cuore comincia a battere più rapido. Non avendo una spiegazione di questi sintomi, entrate in ansia. Contemporaneamente pensate di essere sul punto di svenire...I pensieri cominciano a vorticare, vi sentite confusi"
"scomparìre";"Immaginate di notare ad un tratto che il cuore comincia a battere più rapido. Non avendo una spiegazione di questi sintomi, entrate in ansia. Contemporaneamente pensate di essere sul punto di svenire...I pensieri cominciano a vorticare, vi sentite confusi"
"mòto";"L´esempio che segue illustra un circolo vizioso messo in moto dai pensieri.
Leggete sul giornale che una persona della vostra età è morta di un infarto. Pensate: ""Potrei morire anch´io di un infarto. Il mio cuore non potrà reggere a molti altri attacchi "
"règgere";"L´esempio che segue illustra un circolo vizioso messo in moto dai pensieri.
Leggete sul giornale che una persona della vostra età è morta di un infarto. Pensate: ""Potrei morire anch´io di un infarto. Il mio cuore non potrà reggere a molti altri attacchi "
"frattèmpo";"L´esempio che segue illustra un circolo vizioso messo in moto dai pensieri.
Leggete sul giornale che una persona della vostra età è morta di un infarto. Pensate: ""Potrei morire anch´io di un infarto. Il mio cuore non potrà reggere a molti altri attacchi "
"rispecchiàre";"Come ci hanno poi riferito, quasi tutti questi soggetti hanno sofferto durante l´esperimento uno stato di grande ansia - rispecchiato peraltro anche dall´aumento della pressione arteriosa e dall´autentica accelerazione del polso."
"in sede di";"Una causa del lungo disinteresse per la sindrome di panico in sede di ricerca e di prassi terapeutica potrebbe aver a che fare con lo scarso successo dei corrispondenti approcci di trattamento."
"pràssi";"Una causa del lungo disinteresse per la sindrome di panico in sede di ricerca e di prassi terapeutica potrebbe aver a che fare con lo scarso successo dei corrispondenti approcci di trattamento."
"scàrso";"Una causa del lungo disinteresse per la sindrome di panico in sede di ricerca e di prassi terapeutica potrebbe aver a che fare con lo scarso successo dei corrispondenti approcci di trattamento."
"affrettàre";"Quello delle ""sette"" religiose è un argomento complesso, spesso oggetto di pregiudizi e valutazioni affrettate. Nelle pagine seguenti si tenterà di inquadrare il problema definendone i contorni, spesso sfuggenti e contraddittori."
"inquadràre";"Quello delle ""sette"" religiose è un argomento complesso, spesso oggetto di pregiudizi e valutazioni affrettate. Nelle pagine seguenti si tenterà di inquadrare il problema definendone i contorni, spesso sfuggenti e contraddittori."
"stabilìre";"È difficile stabilire in molti casi dove finisca la setta e inizi il movimento religioso, e se il termine setta con il suo significato denigratorio sia usato per invalidare forme di culto inconsuete o minoritarie."
"smarrìre";"Tutto questo fa dei movimenti religiosi, vecchi o nuovi, radicali o sincretisti che siano, un arcipelago complicato entro cui è facile smarrirsi anche per lo psicologo, soprattutto se culturalmente alieno e sociologicamente impreparato."
"corrèdo";"Non basta il corredo biologico a creare un bambino prodigio: quello che conta è la ""co-incidenza"" tra speciali attitudini innate, una famiglia sensibile e ricettiva, e un´epoca storica culturalmente propizia."
"compàrsa";"Secondo questa teoria, per produrre un bambino prodigio è necessaria una rara combinazione di eventi: ""È la convergenza fortuita di inclinazioni individuali altamente specifiche con una specifica ricettività ambientale a permettere la comparsa di un bambi"
"padroneggiàre";"I bambini prodigio hanno, secondo Feldman, un dono naturale per assimilare e padroneggiare un qualche specifico campo del sapere."
"rispondènza";"La rispondenza fra una certa disciplina e un talento individuale non basta però a garantire la comparsa del prodigio: risultati fuori dell´ordinario non si ottengono senza uno sforzo notevole da parte del bambino, per quanto dotato sia."
"allevàre";"Allevare un bambino prodigio ""esige una quantità di energia, impegno, sensibilità e pazienza superiore a quella che possiede la maggior parte di noi""."
"inaridìre";"Anche quando un talento eccezionale si manifesta e trova incoraggiamento nei genitori, può inaridirsi se la società non lo sostiene."
"intréccio";"Il bambino, il suo campo d´elezione, la famiglia e la società devono trovare esattamente la giusta corrispondenza per produrre un prodigio. L´improbabilità di un tale sottile intreccio di forze spiega perché lo sviluppo di un bambino prodigio sia un event"
"ravvicinàre";"La teoria di Feldman, che parte dallo studio ravvicinato e accurato di talenti estremamente specializzati, rimanda indirettamente e quasi inevitabilmente a un interrogativo del genere. Che accadrebbe, in altre parole, ai bambini in generale quando fossero"
"rimandàre";"La teoria di Feldman, che parte dallo studio ravvicinato e accurato di talenti estremamente specializzati, rimanda indirettamente e quasi inevitabilmente a un interrogativo del genere. Che accadrebbe, in altre parole, ai bambini in generale quando fossero"
"incanalàre";"Le cose ci aiutano ad incanalare l´energia psichica verso scopi che danno senso alla vita. Aiutano a perfezionare le competenze e a plasmare l´identità di chi le usa. Da qualche indizio sembra che le persone che si curano poco degli oggetti non si curino "
"plasmàre";"Le cose ci aiutano ad incanalare l´energia psichica verso scopi che danno senso alla vita. Aiutano a perfezionare le competenze e a plasmare l´identità di chi le usa. Da qualche indizio sembra che le persone che si curano poco degli oggetti non si curino "
"curàre";"Le cose ci aiutano ad incanalare l´energia psichica verso scopi che danno senso alla vita. Aiutano a perfezionare le competenze e a plasmare l´identità di chi le usa. Da qualche indizio sembra che le persone che si curano poco degli oggetti non si curino "
"prégio";"Un avvocato che nel corso della sua vita aveva accumulato in casa molti oggetti di pregio ne parlava generalemente con indifferenza. Ma quando gli fu chiesto quale fosse l´oggetto più strettamente suo tacque un momento e poi invitò l´intervistatrice a sce"
"tacére";"Un avvocato che nel corso della sua vita aveva accumulato in casa molti oggetti di pregio ne parlava generalemente con indifferenza. Ma quando gli fu chiesto quale fosse l´oggetto più strettamente suo tacque un momento e poi invitò l´intervistatrice a sce"
"seminterràto";"Un avvocato che nel corso della sua vita aveva accumulato in casa molti oggetti di pregio ne parlava generalemente con indifferenza. Ma quando gli fu chiesto quale fosse l´oggetto più strettamente suo tacque un momento e poi invitò l´intervistatrice a sce"
"sèggiola";"Ecco per esempio come ci ha spiegato un adolescente la sua scelta del tavolo e delle sedie di cucina come oggetti speciali: ""Perché mi ci siedo, ci gioco, ci mangio, ci faccio un sacco di cose con le seggiole e il tavolo."""
"sconvòlto";"Molti di loro (medici, avvocati..) nell´intervista hanno manifestato un vero terrore all´idea di esser privati dei supporti tangibili della loro identità professionale: ""Sarebbe tremendo. Sarei sconvolto senza i libri. Non riuscirei più a sentirmi a posto"
"mangianàstri";"Un quinto dei soggetti ha indicato fra le cose predilette lo stereo o il mangianastri. Qui l´età faceva una grandissima differenza: il 46% dei ragazzi contro il 18% dei genitori e appena il 6% dei nonni."
"sbalzo";"La musica quindi sembra avere l´effetto di modulare le emozioni, di compensare i sentimenti negativi. L´importanza di questa funzione è grande nell´adolescenza, quando gli sbalzi d´umore sono decisamente maggiori che nell´adulto."
"annèttere";"Quanto agli apparecchi televisivi, gli uomini li citavano più delle donne (29% contro il 14%). La generazione più giovane era quella che vi annetteva il maggior significato (37%), seguita dagli anziani (23%).
Spesso le ragioni fornite per giustificare l´"
"sfumatura";"Quanto agli apparecchi televisivi, gli uomini li citavano più delle donne (29% contro il 14%). La generazione più giovane era quella che vi annetteva il maggior significato (37%), seguita dagli anziani (23%).
Spesso le ragioni fornite per giustificare l´"
"gòffo";"L´esempio che più ci ha colpiti è quello di una donna che ha mostrato all´intervistatrice, quale oggetto per lei specialissimo, un´orribile statuetta cromata che riproduceva goffamente la Venere di Milo."
"incantésimo";"Il volgersi di molti alla magia, al misticismo e all´irrazionale è criticato spesso come una regressione, una fuga dalla realtà. Ma davvero la magia è solo un falso incantesimo per individui infantili e disturbati? Non potrebbe forse aprirci un varco alla"
"vàrco";"Il volgersi di molti alla magia, al misticismo e all´irrazionale è criticato spesso come una regressione, una fuga dalla realtà. Ma davvero la magia è solo un falso incantesimo per individui infantili e disturbati? Non potrebbe forse aprirci un varco alla"
"vòlgere";"Il volgersi di molti alla magia, al misticismo e all´irrazionale è criticato spesso come una regressione, una fuga dalla realtà. Ma davvero la magia è solo un falso incantesimo per individui infantili e disturbati? Non potrebbe forse aprirci un varco alla"
"pungènte";"Un uomo con una lunga veste fluente è in piedi in una stanza semibuia, tappezzata di veluto rosso. A una certa distanza davanti a lui c´è un tavolo montato come un altare: da un incensiere sale un fumo pungente, dall´odore penetrante."
"fluènte";"Un uomo con una lunga veste fluente è in piedi in una stanza semibuia, tappezzata di veluto rosso. A una certa distanza davanti a lui c´è un tavolo montato come un altare: da un incensiere sale un fumo pungente, dall´odore penetrante."
"bùio";"Un uomo con una lunga veste fluente è in piedi in una stanza semibuia, tappezzata di veluto rosso. A una certa distanza davanti a lui c´è un tavolo mntato come un altare: da un incensiere sale un fumo pungente, dall´odore penetrante."
"assòrto";"Con la spada l´uomo ha tracciato intorno a sé un cerchio immaginario. Ora assume un atteggiamento assorto nella contemplazione. Lo si ode mormorare parole misteriose, ripetendo sempre le stesse sillabe."
"fragóre";"Fragore di battaglia riempe la stanza, mentre nubi di fumo caldo gli penetrano nel naso, rendendogli difficile il respiro. Di fronte a lui è in piedi un uomo imponente in armatura, col viso selvaggio e la spada sguainata. (L´uomo nel cerchio) distende ver"
"afferràre";"Fragore di battaglia riempe la stanza, mentre nubi di fumo caldo gli penetrano nel naso, rendendogli difficile il respiro. Di fronte a lui è in piedi un uomo imponente in armatura, col viso selvaggio e la spada sguainata. (L´uomo nel cerchio) distende ver"
"sguainàre";"Fragore di battaglia riempe la stanza, mentre nubi di fumo caldo gli penetrano nel naso, rendendogli difficile il respiro. Di fronte a lui è in piedi un uomo imponente in armatura, col viso selvaggio e la spada sguainata. (L´uomo nel cerchio) distende ver"
"selvàggio";"Fragore di battaglia riempe la stanza, mentre nubi di fumo caldo gli penetrano nel naso, rendendogli difficile il respiro. Di fronte a lui è in piedi un uomo imponente in armatura, col viso selvaggio e la spada sguainata. (L´uomo nel cerchio) distende ver"
"scoppiàre";"Fragore di battaglia riempe la stanza, mentre nubi di fumo caldo gli penetrano nel naso, rendendogli difficile il respiro. Di fronte a lui è in piedi un uomo imponente in armatura, col viso selvaggio e la spada sguainata. (L´uomo nel cerchio) distende ver"
"spalla";"Fragore di battaglia riempe la stanza, mentre nubi di fumo caldo gli penetrano nel naso, rendendogli difficile il respiro. Di fronte a lui è in piedi un uomo imponente in armatura, col viso selvaggio e la spada sguainata. (L´uomo nel cerchio) distende ver"
"colmàre";"Fragore di battaglia riempe la stanza, mentre nubi di fumo caldo gli penetrano nel naso, rendendogli difficile il respiro. Di fronte a lui è in piedi un uomo imponente in armatura, col viso selvaggio e la spada sguainata. (L´uomo nel cerchio) distende ver"
"scòrrere";"Fragore di battaglia riempe la stanza, mentre nubi di fumo caldo gli penetrano nel naso, rendendogli difficile il respiro. Di fronte a lui è in piedi un uomo imponente in armatura, col viso selvaggio e la spada sguainata. (L´uomo nel cerchio) distende ver"
"rintracciàre";"Avete osservato che cosa succedeva dentro di voi mentre stavate leggendo la descrizione del rituale magico?
Prendetevi un momento di tempo e cercate di rintracciare le vostre reazioni: potrebbero chiarirvi l´atteggiamento che avete verso l´irrazionale."
"improntàre";"Le risposte di tipo storico-sociologico a questa domanda non mancano, per lo più improntate a un giudizio negativo. La tendenza a rivolgersi verso l´irrazionale sarebbe una reazione di paura e di fuga di fronte agli insolubili problemi sociopolitici, all´"
"l´inquinaménto";"Le risposte di tipo storico-sociologico a questa domanda non mancano, per lo più improntate a un giudizio negativo. La tendenza a rivolgersi verso l´irrazionale sarebbe una reazione di paura e di fuga di fronte agli insolubili problemi sociopolitici, all´"
"trascuràre";"Queste argomentazioni possono essere in buona parte giuste, ma trascurano il fatto che i nuovi paradigmi cominciano sempre là dove meno ci si aspetta.
Rivolgersi all´irrazionale significa solo fuggire dalle responsabilità politico-sociali?"
"purché";"Mitologia, magia, mistica e meditazione non potrebbero aprirci vie d´accesso a una più adeguata comprensione della realtà e dinamica della psiche, purché le liberiamo dei loro accessori acritici, infantili e superstiziosi?"
"rigoglioso";"L´uomo moderno vive nel contesto di relazioni magiche molto più di quanto non creda. Non si intende con questo parlare dei residui, pur ancora rigogliosi, delle vecchie superstizioni, degli usi e costumi magici e religiosi, ma della normale vita quotidian"
"sovrappórre";"Alla maggior parte dei nostri rapporti interpersonali si sovrappongono magicamente immagini che ,ad esempio, attribuiscono al partner pregi o difetti dei nostri genitori, o ci fanno apparire i superiori nelle vesti dei severi inseganti che abbiamo conosci"
"prègio";"Alla maggior parte dei nostri rapporti interpersonali si sovrappongono magicamente immagini che ,ad esempio, attribuiscono al partner pregi o difetti dei nostri genitori, o ci fanno apparire i superiori nelle vesti dei severi inseganti che abbiamo conosci"
"repentàglio";"Ogni trasformazione o pericolo che minacci questi oggetti carichi di valore magico può quindi mettere gravemente a repentaglio i nostro senso d´identità."
"caricàre";"Ogni trasformazione o pericolo che minacci questi oggetti carichi di valore magico può quindi mettere gravemente a repentaglio i nostro senso d´identità."
"apprendiménto";"Una teoria e terapia psicologica che parta dall´idea che fattori archetipici come sesso, aggressione, sentimenti d´inferiorità... altro non siano che acquisizioni degli apprendimenti individuali, e quindi modificabili a piacere, porta alla rimozione dell´"
"rimozióne";"Una teoria e terapia psicologica che parta dall´idea che fattori archetipici come sesso, aggressione, sentimenti d´inferiorità... altro non siano che acquisizioni degli apprendimenti individuali, e quindi modificabili a piacere, porta alla rimozione dell´"
